Tumor Size (mm),Tumor Density (g/cm³),Age (years),Tumor Shape (value),Tumor Margin (binary),Malignancy (y)
28.665982460968483,1.7882784815278832,44.07606075761131,0.5019625669163523,1,1
15.601202136726448,1.655625077271768,41.36009230320184,0.38064880616338453,1,1
19.861330826633065,3.039440404227619,50.48521627944827,0.3380249822836606,0,1
14.407864781110485,2.0597874557172884,41.69049883588962,0.8939761394339671,1,1
24.37320902726828,1.4360412042596167,52.704568257798385,0.4934123069848338,0,1
34.551423205012384,1.0222297796997872,49.49761890550863,0.7859246675127809,1,1
15.142739536644562,0.6967768398712137,47.6105195313359,0.45278439285825833,1,1
30.040465155178445,1.6017318179336115,40.92436337958402,0.7089016333343576,0,1
19.69742381627559,1.1218246273578483,44.23228669431667,0.7561367159338119,1,1
17.071271677376558,0.7888731452011629,57.55391225825756,0.6573832443647066,0,0
23.92969640045442,1.1767135578787367,55.009171876243805,0.582945713130095,1,1
14.64757677580626,0.9592259981928025,40.22444755201449,0.5471045484883612,1,1
19.463506946528177,2.3435708175362824,50.99332305429226,0.5093209599257972,0,1
13.021221074111516,1.9408198784747253,57.51387123371789,0.8577174865486956,1,1
44.64725132916389,1.4960136793416914,33.305947188786284,0.7983716446726375,0,1
25.352635519717285,2.239972069445013,55.43360192379935,0.8790161463999075,1,1
18.002744920074143,1.5386841538238092,43.37376241054153,0.37457833409132685,1,1
27.13979910734222,1.0693578993358681,55.70598668593159,0.7385204851221866,1,1
23.876719503091703,2.2615620386348287,42.367408434574834,0.8630042740926227,0,1
22.79030400466777,1.7694550218423293,31.95117899335481,0.4087398396993961,1,1
31.141667000434254,0.9813769228367718,33.72457562116837,0.3398977604200665,1,1
32.57507710047305,1.404830660958196,50.48084946661382,0.7446723895740355,0,1
19.694988523894725,1.0621908733076215,52.59722501721482,0.6446838679079472,0,1
19.2418175935532,0.808600134517832,40.956833748955916,0.8050972660549633,1,1
22.24948302848356,1.9630887737658207,56.38592458777374,0.3838634259757737,1,1
1.9807883526441508,2.4547083202350652,33.3847993773104,0.7771603871159342,1,1
9.848089378014478,0.8007162130904294,49.33920201352684,0.42097639202864673,1,0
38.66874267444525,1.7814846183452855,37.889838002375434,0.3981935657194227,1,1
41.449677135012834,1.1746787154390865,43.48163892197841,0.39855947875859576,0,1
22.509639604436217,1.2564373081176519,50.47398671316414,0.7887448321388293,0,1
