Model,Validation Loss,Validation Accuracy,Precision,Recall,F1 Score
3 Conv Layers,0.5770833492279053,0.8323333263397217,0.8364899384498279,0.8326313115489051,0.8338216920300677
6 Conv Layers,0.5280371904373169,0.8286666870117188,0.8336873614128747,0.8292293083014207,0.8288507670684576
